-- phpMyAdmin SQL Dump
-- version 5.2.1
-- https://www.phpmyadmin.net/
--
-- Host: localhost:3306
-- Waktu pembuatan: 15 Nov 2023 pada 17.43
-- Versi server: 10.6.15-MariaDB-cll-lve
-- Versi PHP: 8.1.16

SET SQL_MODE = "NO_AUTO_VALUE_ON_ZERO";
START TRANSACTION;
SET time_zone = "+00:00";


/*!40101 SET @OLD_CHARACTER_SET_CLIENT=@@CHARACTER_SET_CLIENT */;
/*!40101 SET @OLD_CHARACTER_SET_RESULTS=@@CHARACTER_SET_RESULTS */;
/*!40101 SET @OLD_COLLATION_CONNECTION=@@COLLATION_CONNECTION */;
/*!40101 SET NAMES utf8mb4 */;

--
-- Database: `proj7539_database1`
--

-- --------------------------------------------------------

--
-- Struktur dari tabel `alamat`
--

CREATE TABLE `alamat` (
  `id_alamat` int(11) UNSIGNED NOT NULL,
  `id_user_alamat` int(11) UNSIGNED NOT NULL,
  `alamat_lengkap` text NOT NULL,
  `sebagai` varchar(30) NOT NULL,
  `created_at` timestamp NOT NULL DEFAULT current_timestamp(),
  `updated_at` timestamp NOT NULL DEFAULT current_timestamp() ON UPDATE current_timestamp()
) ENGINE=InnoDB DEFAULT CHARSET=utf8mb4 COLLATE=utf8mb4_general_ci;

--
-- Dumping data untuk tabel `alamat`
--

INSERT INTO `alamat` (`id_alamat`, `id_user_alamat`, `alamat_lengkap`, `sebagai`, `created_at`, `updated_at`) VALUES
(2, 2, 'Jl. Kebenaran belok sedikit salah', 'Rumah', '2022-11-16 05:30:13', '2022-11-16 05:30:13'),
(4, 1, 'Jl. Magelang km. 7 5 jongke tengah sendangadi kec. mlati kabupaten sleman daerah istimewa yogyakarta', 'Rumah', '2022-11-23 14:37:07', '2023-05-12 15:02:15'),
(37, 5, 'asd', 'asd', '2023-01-08 09:23:39', '2023-01-08 09:23:39'),
(38, 5, 'asdasdasdsd', 'asd12', '2023-01-08 09:28:43', '2023-01-08 09:28:43'),
(39, 5, '1231231', 'qwe', '2023-01-08 09:31:50', '2023-01-08 09:31:50'),
(40, 5, 'zxzxx', 'zx', '2023-01-08 09:32:18', '2023-01-08 09:32:18'),
(46, 13, 'Jl. Angkasa no. 127', 'Rumah', '2023-02-04 14:40:00', '2023-06-11 09:14:53'),
(49, 13, 'Jl. Ya ini', 'Kantor', '2023-02-04 14:43:07', '2023-06-11 09:15:38'),
(50, 18, 'Jl. Patimura No.32', 'Rumah', '2023-05-28 09:23:10', '2023-05-28 09:23:10'),
(53, 21, 'Jl. Kebenaran yakin', 'Rumah', '2023-06-03 15:28:45', '2023-06-03 15:28:45'),
(54, 22, 'KOST Bu. PETTY', 'Kost', '2023-06-03 16:34:25', '2023-06-03 16:34:25'),
(55, 23, 'Dk. Ulekan, Ds. Karangduwur, Rt01/06, Kec. Petanahan, Kab. Kebumen, Jawa Tengah, Indonesia\r\nPutra Bapak Junianto', 'Rumah', '2023-06-14 14:39:40', '2023-06-14 14:39:40'),
(56, 24, 'Hatiku', 'Hatimu', '2023-06-14 15:13:47', '2023-06-14 15:13:47'),
(57, 5, 'Siluk panggang', 'Siluk', '2023-06-14 15:14:34', '2023-06-14 15:14:34'),
(58, 6, 'Jl. Wonosari', 'Rumah', '2023-06-14 15:56:04', '2023-06-14 15:56:04'),
(59, 39, 'glodokan taman kenari', 'rumah', '2023-11-15 09:34:54', '2023-11-15 09:34:54');

-- --------------------------------------------------------

--
-- Struktur dari tabel `item`
--

CREATE TABLE `item` (
  `id_item` int(11) UNSIGNED NOT NULL,
  `id_menu_item` int(11) UNSIGNED NOT NULL,
  `id_user_item` int(11) UNSIGNED NOT NULL,
  `nota_item` varchar(50) NOT NULL DEFAULT 'Belum Ada',
  `qty` int(5) NOT NULL DEFAULT 1,
  `created_at` timestamp NOT NULL DEFAULT current_timestamp(),
  `updated_at` timestamp NOT NULL DEFAULT current_timestamp() ON UPDATE current_timestamp()
) ENGINE=InnoDB DEFAULT CHARSET=utf8mb4 COLLATE=utf8mb4_general_ci;

--
-- Dumping data untuk tabel `item`
--

INSERT INTO `item` (`id_item`, `id_menu_item`, `id_user_item`, `nota_item`, `qty`, `created_at`, `updated_at`) VALUES
(264, 2, 13, 'INV-2023.01.07-01-230823', 1, '2023-01-07 16:07:14', '2023-01-07 16:08:23'),
(265, 17, 13, 'INV-2023.01.07-01-230823', 1, '2023-01-07 16:07:42', '2023-01-07 16:08:23'),
(266, 17, 5, 'INV-2023.01.08-01-163251', 2, '2023-01-08 08:58:57', '2023-01-08 09:32:51'),
(271, 17, 5, 'INV-2023.01.11-01-201215', 1, '2023-01-08 11:48:52', '2023-01-11 13:12:15'),
(273, 17, 13, 'INV-2023.01.08-01-190419', 1, '2023-01-08 12:04:09', '2023-01-08 12:04:20'),
(275, 2, 13, 'INV-2023.01.09-01-145805', 2, '2023-01-09 07:47:34', '2023-01-09 07:58:05'),
(276, 17, 13, 'INV-2023.01.09-01-145805', 1, '2023-01-09 07:57:56', '2023-01-09 07:58:05'),
(279, 3, 13, 'INV-2023.01.12-01-171128', 1, '2023-01-12 10:02:26', '2023-01-12 10:11:28'),
(281, 17, 13, 'INV-2023.01.13-01-182357', 1, '2023-01-12 10:16:25', '2023-01-13 11:23:57'),
(282, 17, 13, 'INV-2023.01.16-01-184739', 2, '2023-01-13 13:12:14', '2023-01-16 11:47:40'),
(283, 17, 5, 'INV-2023.01.16-01-181650', 1, '2023-01-16 11:16:39', '2023-01-16 11:16:50'),
(285, 2, 5, 'INV-2023.01.16-01-181650', 1, '2023-01-16 11:16:42', '2023-01-16 11:16:50'),
(287, 2, 5, 'INV-2023.01.16-01-183330', 1, '2023-01-16 11:33:20', '2023-01-16 11:33:30'),
(293, 17, 5, 'INV-2023.02.17-01-094232', 1, '2023-01-17 15:46:56', '2023-02-17 02:42:32'),
(294, 17, 13, 'INV-2023.01.22-01-210011', 1, '2023-01-18 10:06:20', '2023-01-22 14:13:17'),
(296, 2, 13, 'INV-2023.01.22-01-210011', 1, '2023-01-22 14:00:02', '2023-01-22 14:13:29'),
(300, 4, 13, 'INV-2023.01.30-01-003924', 4, '2023-01-29 16:58:00', '2023-01-29 17:39:24'),
(301, 3, 13, 'INV-2023.01.30-01-004137', 20, '2023-01-29 17:41:08', '2023-01-29 17:41:37'),
(302, 2, 13, 'INV-2023.02.05-01-002904', 2, '2023-01-29 18:15:44', '2023-02-04 17:29:04'),
(303, 17, 13, 'INV-2023.02.05-01-002904', 3, '2023-01-29 18:15:57', '2023-02-04 17:29:04'),
(309, 17, 13, 'INV-2023.02.26-01-165823', 1, '2023-02-26 09:57:35', '2023-02-26 09:58:23'),
(312, 2, 13, 'INV-2023.02.26-01-170352', 1, '2023-02-26 10:03:43', '2023-02-26 10:03:52'),
(313, 4, 13, 'INV-2023.02.26-01-170352', 1, '2023-02-26 10:03:44', '2023-02-26 10:03:52'),
(314, 17, 13, 'INV-2023.04.03-01-151307', 1, '2023-03-31 03:13:12', '2023-04-03 08:13:07'),
(315, 5, 13, 'INV-2023.04.03-01-151307', 1, '2023-03-31 03:13:42', '2023-04-03 08:13:07'),
(316, 17, 5, 'INV-2023.03.31-01-161419', 1, '2023-03-31 09:14:05', '2023-03-31 09:14:19'),
(319, 2, 5, 'INV-2023.04.01-01-143053', 1, '2023-04-01 07:30:45', '2023-04-01 07:30:54'),
(321, 2, 5, 'INV-2023.04.01-01-144131', 2, '2023-04-01 07:41:13', '2023-04-01 07:41:31'),
(322, 5, 5, 'INV-2023.04.01-01-144131', 3, '2023-04-01 07:41:19', '2023-04-01 07:41:31'),
(323, 17, 5, 'INV-2023.04.01-01-144258', 1, '2023-04-01 07:42:49', '2023-04-01 07:42:58'),
(325, 2, 5, 'INV-2023.04.01-01-144258', 1, '2023-04-01 07:42:51', '2023-04-01 07:42:58'),
(326, 4, 5, 'INV-2023.04.01-01-153333', 1, '2023-04-01 08:33:24', '2023-04-01 08:33:33'),
(327, 5, 5, 'INV-2023.04.01-01-153333', 1, '2023-04-01 08:33:24', '2023-04-01 08:33:33'),
(328, 17, 5, 'INV-2023.04.03-01-151338', 3, '2023-04-03 07:56:30', '2023-04-03 08:13:39'),
(330, 2, 5, 'INV-2023.04.05-01-164059', 1, '2023-04-05 09:38:56', '2023-04-05 09:40:59'),
(331, 3, 5, 'INV-2023.04.05-01-164059', 2, '2023-04-05 09:39:43', '2023-04-05 09:40:59'),
(332, 6, 5, 'INV-2023.04.05-01-164059', 3, '2023-04-05 09:39:49', '2023-04-05 09:40:59'),
(334, 1, 18, 'INV-2023.04.18-01-233409', 1, '2023-04-18 16:32:23', '2023-04-18 16:34:09'),
(335, 2, 18, 'INV-2023.04.18-01-233409', 1, '2023-04-18 16:32:32', '2023-04-18 16:34:09'),
(336, 3, 1, 'INV-2023.04.20-01-163029', 3, '2023-04-20 08:54:47', '2023-04-20 09:30:29'),
(337, 2, 1, 'INV-2023.04.20-01-163029', 2, '2023-04-20 08:54:48', '2023-04-20 09:30:29'),
(338, 18, 1, 'INV-2023.04.20-01-163029', 5, '2023-04-20 08:54:51', '2023-04-20 09:30:29'),
(339, 1, 5, 'INV-2023.05.12-01-234204', 2, '2023-05-03 21:44:03', '2023-05-12 16:42:04'),
(340, 2, 5, 'INV-2023.05.12-01-234204', 1, '2023-05-11 12:14:40', '2023-05-12 16:42:04'),
(341, 3, 5, 'INV-2023.05.12-01-234204', 3, '2023-05-11 12:14:41', '2023-05-12 16:42:04'),
(358, 1, 5, 'INV-2023.05.19-01-210108', 1, '2023-05-19 14:00:11', '2023-05-19 14:01:08'),
(359, 2, 5, 'INV-2023.05.19-01-210108', 1, '2023-05-19 14:00:12', '2023-05-19 14:01:08'),
(360, 3, 1, 'Belum Ada', 4, '2023-05-22 09:21:46', '2023-05-22 09:21:53'),
(361, 2, 1, 'Belum Ada', 3, '2023-05-22 09:21:48', '2023-05-22 09:21:54'),
(362, 1, 18, 'INV-2023.05.28-01-162326', 1, '2023-05-28 09:22:24', '2023-05-28 09:23:26'),
(363, 2, 18, 'INV-2023.05.28-01-162326', 1, '2023-05-28 09:22:25', '2023-05-28 09:23:26'),
(364, 1, 18, 'INV-2023.05.28-01-163015', 1, '2023-05-28 09:29:44', '2023-05-28 09:30:15'),
(365, 3, 18, 'INV-2023.05.28-01-163015', 1, '2023-05-28 09:29:46', '2023-05-28 09:30:15'),
(368, 3, 18, 'INV-2023.05.28-01-171220', 1, '2023-05-28 10:12:04', '2023-05-28 10:12:20'),
(369, 5, 18, 'INV-2023.05.28-01-171220', 1, '2023-05-28 10:12:05', '2023-05-28 10:12:20'),
(370, 18, 18, 'INV-2023.05.28-01-171315', 1, '2023-05-28 10:13:05', '2023-05-28 10:13:15'),
(371, 17, 18, 'INV-2023.05.28-01-171315', 1, '2023-05-28 10:13:06', '2023-05-28 10:13:15'),
(372, 2, 18, 'INV-2023.05.28-01-181422', 1, '2023-05-28 11:14:00', '2023-05-28 11:14:22'),
(373, 5, 18, 'INV-2023.05.28-01-181422', 1, '2023-05-28 11:14:02', '2023-05-28 11:14:22'),
(374, 18, 18, 'INV-2023.05.28-01-181422', 2, '2023-05-28 11:14:03', '2023-05-28 11:14:22'),
(375, 5, 18, 'INV-2023.05.28-01-220359', 1, '2023-05-28 15:03:45', '2023-05-28 15:03:59'),
(376, 6, 18, 'INV-2023.05.28-01-220359', 1, '2023-05-28 15:03:46', '2023-05-28 15:03:59'),
(377, 3, 18, 'INV-2023.05.28-01-220440', 1, '2023-05-28 15:04:32', '2023-05-28 15:04:40'),
(378, 4, 18, 'INV-2023.05.28-01-220440', 1, '2023-05-28 15:04:33', '2023-05-28 15:04:40'),
(379, 2, 18, 'INV-2023.05.28-01-221224', 1, '2023-05-28 15:12:10', '2023-05-28 15:12:24'),
(380, 3, 18, 'INV-2023.05.28-01-221224', 1, '2023-05-28 15:12:11', '2023-05-28 15:12:24'),
(382, 18, 18, 'INV-2023.05.28-01-221351', 1, '2023-05-28 15:13:22', '2023-05-28 15:13:51'),
(383, 4, 18, 'INV-2023.05.28-01-221351', 2, '2023-05-28 15:13:43', '2023-05-28 15:13:51'),
(384, 2, 18, 'INV-2023.05.28-01-230112', 1, '2023-05-28 16:01:04', '2023-05-28 16:01:12'),
(385, 5, 18, 'INV-2023.05.28-01-230112', 1, '2023-05-28 16:01:05', '2023-05-28 16:01:12'),
(386, 3, 5, 'INV-2023.05.28-01-230159', 1, '2023-05-28 16:01:52', '2023-05-28 16:01:59'),
(387, 2, 5, 'INV-2023.05.28-01-230159', 1, '2023-05-28 16:01:53', '2023-05-28 16:01:59'),
(388, 2, 5, 'INV-2023.05.28-01-230239', 1, '2023-05-28 16:02:32', '2023-05-28 16:02:39'),
(389, 3, 5, 'INV-2023.05.28-01-230239', 1, '2023-05-28 16:02:33', '2023-05-28 16:02:39'),
(390, 3, 13, 'INV-2023.05.28-01-230412', 1, '2023-05-28 16:04:05', '2023-05-28 16:04:12'),
(391, 2, 13, 'INV-2023.05.28-01-230412', 1, '2023-05-28 16:04:05', '2023-05-28 16:04:12'),
(392, 5, 5, 'INV-2023.05.28-01-230737', 1, '2023-05-28 16:07:31', '2023-05-28 16:07:37'),
(393, 4, 5, 'INV-2023.05.28-01-230737', 1, '2023-05-28 16:07:31', '2023-05-28 16:07:37'),
(394, 2, 13, 'INV-2023.05.28-01-235449', 1, '2023-05-28 16:54:41', '2023-05-28 16:54:49'),
(395, 3, 13, 'INV-2023.05.28-01-235449', 1, '2023-05-28 16:54:42', '2023-05-28 16:54:49'),
(396, 1, 13, 'INV-2023.06.15-01-000232', 1, '2023-05-28 17:28:40', '2023-06-14 17:02:32'),
(397, 2, 5, 'INV-2023.05.29-01-002920', 1, '2023-05-28 17:29:14', '2023-05-28 17:29:20'),
(398, 3, 5, 'INV-2023.05.29-01-002920', 1, '2023-05-28 17:29:14', '2023-05-28 17:29:20'),
(399, 1, 18, 'INV-2023.05.29-01-013102', 1, '2023-05-28 18:30:53', '2023-05-28 18:31:02'),
(400, 2, 18, 'INV-2023.05.29-01-013102', 2, '2023-05-28 18:30:56', '2023-05-28 18:31:02'),
(407, 16, 13, 'INV-2023.06.15-01-000232', 1, '2023-05-30 10:06:17', '2023-06-14 17:02:32'),
(408, 2, 13, 'INV-2023.06.15-01-000232', 1, '2023-05-30 10:06:23', '2023-06-14 17:02:32'),
(409, 1, 5, 'INV-2023.06.01-01-165520', 1, '2023-05-30 15:17:01', '2023-06-01 09:55:20'),
(417, 3, 5, 'INV-2023.06.01-01-165520', 1, '2023-06-01 09:55:12', '2023-06-01 09:55:20'),
(418, 1, 21, 'INV-2023.06.03-01-222904', 1, '2023-06-03 15:27:29', '2023-06-03 15:29:04'),
(419, 6, 21, 'INV-2023.06.03-01-222904', 2, '2023-06-03 15:27:35', '2023-06-03 15:29:04'),
(420, 18, 21, 'INV-2023.06.03-01-222904', 1, '2023-06-03 15:27:38', '2023-06-03 15:29:04'),
(421, 5, 21, 'INV-2023.06.03-01-222904', 1, '2023-06-03 15:27:43', '2023-06-03 15:29:04'),
(422, 1, 21, 'INV-2023.06.03-01-223519', 1, '2023-06-03 15:35:00', '2023-06-03 15:35:19'),
(423, 2, 21, 'INV-2023.06.03-01-223519', 1, '2023-06-03 15:35:03', '2023-06-03 15:35:19'),
(424, 1, 5, 'INV-2023.06.14-01-221452', 3, '2023-06-03 16:16:53', '2023-06-14 15:14:52'),
(425, 2, 5, 'INV-2023.06.14-01-221452', 1, '2023-06-03 16:16:58', '2023-06-14 15:14:52'),
(426, 3, 22, 'INV-2023.06.03-01-233501', 1, '2023-06-03 16:33:40', '2023-06-03 16:35:01'),
(427, 6, 22, 'INV-2023.06.03-01-233501', 2, '2023-06-03 16:33:42', '2023-06-03 16:35:01'),
(428, 16, 22, 'INV-2023.06.03-01-233501', 1, '2023-06-03 16:33:46', '2023-06-03 16:35:01'),
(429, 4, 22, 'INV-2023.06.03-01-233501', 1, '2023-06-03 16:33:52', '2023-06-03 16:35:01'),
(430, 3, 22, 'INV-2023.06.03-01-233700', 2, '2023-06-03 16:36:52', '2023-06-03 16:37:00'),
(431, 3, 21, 'INV-2023.06.04-01-001916', 2, '2023-06-03 16:47:51', '2023-06-03 17:19:16'),
(432, 2, 21, 'INV-2023.06.04-01-001916', 1, '2023-06-03 16:48:08', '2023-06-03 17:19:16'),
(433, 1, 21, 'INV-2023.06.04-01-001916', 1, '2023-06-03 16:48:14', '2023-06-03 17:19:16'),
(434, 1, 23, 'INV-2023.06.14-01-213947', 1, '2023-06-14 14:39:21', '2023-06-14 14:39:47'),
(435, 2, 23, 'INV-2023.06.14-01-213947', 1, '2023-06-14 14:39:23', '2023-06-14 14:39:47'),
(436, 1, 24, 'INV-2023.06.14-01-221407', 3, '2023-06-14 15:13:11', '2023-06-14 15:14:08'),
(437, 3, 5, 'INV-2023.06.14-01-221917', 1, '2023-06-14 15:19:00', '2023-06-14 15:19:17'),
(438, 2, 5, 'INV-2023.06.14-01-221917', 1, '2023-06-14 15:19:03', '2023-06-14 15:19:17'),
(439, 1, 5, 'INV-2023.06.14-01-221940', 2, '2023-06-14 15:19:31', '2023-06-14 15:19:40'),
(440, 18, 5, 'INV-2023.06.14-01-222027', 19, '2023-06-14 15:20:10', '2023-06-14 15:20:27'),
(441, 5, 5, 'INV-2023.06.14-01-222057', 6, '2023-06-14 15:20:43', '2023-06-14 15:20:57'),
(442, 4, 5, 'INV-2023.06.14-01-222057', 5, '2023-06-14 15:20:47', '2023-06-14 15:20:57'),
(443, 6, 5, 'INV-2023.06.14-01-222057', 4, '2023-06-14 15:20:49', '2023-06-14 15:20:57'),
(444, 1, 6, 'INV-2023.06.14-01-225641', 1, '2023-06-14 15:55:28', '2023-06-14 15:56:41'),
(445, 2, 6, 'INV-2023.06.14-01-225641', 1, '2023-06-14 15:55:30', '2023-06-14 15:56:41'),
(446, 3, 6, 'INV-2023.06.14-01-225705', 1, '2023-06-14 15:56:57', '2023-06-14 15:57:06'),
(447, 6, 6, 'INV-2023.06.14-01-225705', 1, '2023-06-14 15:56:59', '2023-06-14 15:57:06'),
(448, 1, 6, 'INV-2023.06.14-01-225755', 1, '2023-06-14 15:57:26', '2023-06-14 15:57:55'),
(449, 2, 6, 'INV-2023.06.14-01-225755', 1, '2023-06-14 15:57:27', '2023-06-14 15:57:55'),
(451, 2, 6, 'INV-2023.06.14-01-230545', 2, '2023-06-14 16:03:14', '2023-06-14 16:05:45'),
(452, 1, 6, 'INV-2023.06.14-01-230759', 1, '2023-06-14 16:07:49', '2023-06-14 16:07:59'),
(453, 3, 6, 'INV-2023.06.14-01-230759', 1, '2023-06-14 16:07:51', '2023-06-14 16:07:59'),
(454, 6, 6, 'INV-2023.06.14-01-230910', 2, '2023-06-14 16:08:57', '2023-06-14 16:09:10'),
(455, 4, 6, 'INV-2023.06.14-01-230910', 2, '2023-06-14 16:09:01', '2023-06-14 16:09:10'),
(456, 3, 6, 'INV-2023.06.14-01-234210', 2, '2023-06-14 16:41:49', '2023-06-14 16:42:10'),
(457, 5, 22, 'INV-2023.06.14-01-234209', 2, '2023-06-14 16:41:53', '2023-06-14 16:42:09'),
(458, 16, 22, 'INV-2023.06.14-01-234209', 1, '2023-06-14 16:41:55', '2023-06-14 16:42:09'),
(459, 4, 6, 'INV-2023.06.14-01-234302', 2, '2023-06-14 16:42:35', '2023-06-14 16:43:02'),
(460, 1, 22, 'INV-2023.06.14-01-234255', 2, '2023-06-14 16:42:47', '2023-06-14 16:42:55'),
(461, 2, 13, 'INV-2023.06.15-01-000405', 2, '2023-06-14 17:03:58', '2023-06-14 17:04:05'),
(462, 1, 13, 'INV-2023.06.15-01-001913', 1, '2023-06-14 17:19:00', '2023-06-14 17:19:13'),
(463, 2, 13, 'INV-2023.06.15-01-001913', 2, '2023-06-14 17:19:01', '2023-06-14 17:19:13'),
(464, 3, 13, 'INV-2023.06.15-01-002736', 1, '2023-06-14 17:27:30', '2023-06-14 17:27:36'),
(465, 1, 5, 'INV-2023.06.15-01-003048', 1, '2023-06-14 17:30:33', '2023-06-14 17:30:48'),
(466, 2, 5, 'INV-2023.06.15-01-003048', 1, '2023-06-14 17:30:35', '2023-06-14 17:30:48'),
(467, 1, 6, 'INV-2023.06.15-01-003655', 2, '2023-06-14 17:36:26', '2023-06-14 17:36:55'),
(468, 2, 6, 'INV-2023.06.15-01-003744', 2, '2023-06-14 17:37:38', '2023-06-14 17:37:44'),
(469, 3, 22, 'INV-2023.06.15-01-010212', 2, '2023-06-14 18:02:04', '2023-06-14 18:02:12'),
(470, 1, 5, 'INV-2023.06.15-01-054209', 1, '2023-06-14 22:41:54', '2023-06-14 22:42:09'),
(471, 16, 5, 'INV-2023.06.15-01-054209', 2, '2023-06-14 22:42:00', '2023-06-14 22:42:09'),
(472, 3, 5, 'INV-2023.06.15-01-054258', 2, '2023-06-14 22:42:50', '2023-06-14 22:42:58'),
(473, 2, 5, 'INV-2023.06.15-01-054339', 1, '2023-06-14 22:43:30', '2023-06-14 22:43:39'),
(474, 1, 5, 'INV-2023.06.15-01-054339', 1, '2023-06-14 22:43:31', '2023-06-14 22:43:39'),
(475, 2, 5, 'INV-2023.06.15-01-054413', 1, '2023-06-14 22:44:03', '2023-06-14 22:44:13'),
(476, 16, 5, 'INV-2023.06.15-01-054413', 2, '2023-06-14 22:44:07', '2023-06-14 22:44:13'),
(477, 16, 5, 'INV-2023.06.15-01-054438', 3, '2023-06-14 22:44:32', '2023-06-14 22:44:38'),
(478, 1, 5, 'INV-2023.06.15-01-055538', 2, '2023-06-14 22:55:32', '2023-06-14 22:55:38'),
(479, 6, 5, 'INV-2023.06.15-01-055604', 2, '2023-06-14 22:55:56', '2023-06-14 22:56:04'),
(480, 5, 5, 'INV-2023.06.15-01-055604', 2, '2023-06-14 22:55:58', '2023-06-14 22:56:04'),
(481, 1, 1, 'Belum Ada', 1, '2023-06-15 03:02:05', '2023-06-15 03:02:05'),
(482, 1, 6, 'Belum Ada', 1, '2023-08-13 11:08:58', '2023-08-13 11:08:58'),
(486, 1, 39, 'INV-2023.11.15-01-163531', 1, '2023-11-15 09:34:09', '2023-11-15 09:35:31');

-- --------------------------------------------------------

--
-- Struktur dari tabel `menu`
--

CREATE TABLE `menu` (
  `id_menu` int(11) UNSIGNED NOT NULL,
  `kategori_menu` enum('Food','Drink') NOT NULL,
  `nama_menu` varchar(50) NOT NULL,
  `harga_menu` double NOT NULL,
  `deskripsi_menu` text NOT NULL,
  `gambar_menu` varchar(100) NOT NULL,
  `status_menu` enum('Available','Not Available') NOT NULL DEFAULT 'Available',
  `created_at` timestamp NOT NULL DEFAULT current_timestamp(),
  `updated_at` timestamp NOT NULL DEFAULT current_timestamp() ON UPDATE current_timestamp()
) ENGINE=InnoDB DEFAULT CHARSET=utf8mb4 COLLATE=utf8mb4_general_ci;

--
-- Dumping data untuk tabel `menu`
--

INSERT INTO `menu` (`id_menu`, `kategori_menu`, `nama_menu`, `harga_menu`, `deskripsi_menu`, `gambar_menu`, `status_menu`, `created_at`, `updated_at`) VALUES
(1, 'Food', 'Fried Chicken', 7000, 'Fried chicken are pieces of chicken that have been either battered or floured and then pan fried, pressure fried or deep fried.', '/storage/menus/20230516131214-Frided Chicken.jpg', 'Available', '2023-04-05 08:44:50', '2023-05-16 06:12:14'),
(2, 'Food', 'Oyster sauce chicken', 12000, 'Oyster sauce chicken is processed chicken cooked with oyster sauce seasoning.', '/storage/menus/20230522161919-Ayam Saus.jfif', 'Available', '2022-11-23 13:18:28', '2023-05-22 09:19:19'),
(3, 'Food', 'Smashed Chicken', 12000, 'Smashed Chicken is a popular dish among millennials. Simple to make, but its spicy taste can easily make customers seek for more.', '/storage/menus/20230522161940-Ayam Krispi.jfif', 'Available', '2022-12-09 14:05:08', '2023-05-22 09:19:40'),
(4, 'Food', 'Ayam Bakar', 12000, 'Ayam Bakar/Grilled Chicken is a very popular recipe made with chicken, hung curd and spices like cumin powder and black pepper.', '/storage/menus/20230522161950-Resep Ayam.jfif', 'Available', '2023-01-29 16:57:32', '2023-05-22 09:19:50'),
(5, 'Food', 'Soto Ayam', 10000, 'Soto ayam is a traditional Indonesian dish which uses ingredients such as chicken, lontong, noodles, and rice vermicelli.', '/storage/menus/20230522162056-Resep Soto Ayam Bening Jawa Tengah.png', 'Available', '2023-02-23 14:17:11', '2023-05-22 09:20:56'),
(6, 'Food', 'White Rice', 5000, 'if you want to add white rice, we also provide it for you.', '/storage/menus/20230522162043-download (2).jpg', 'Available', '2023-04-05 08:48:01', '2023-05-30 14:26:23'),
(16, 'Drink', 'Ice Tea', 3000, 'Ice Tea is a form of cold tea. Though it is usually served in a glass with ice, it can refer to any tea that has been chilled or cooled.', '/storage/menus/20230522162108-Photo by Kaffee Meister on Unsplash.jpg', 'Available', '2023-04-05 08:37:08', '2023-05-22 09:21:08'),
(17, 'Drink', 'Ice Milk', 3000, 'Ice Milk is a frozen dessert made with frozen dairy milk, but with less milk fat than regular ice cream. Ice milk is sometimes priced lower than ice cream.', '/storage/menus/20230522162118-Avocados, Eggs, and More Fat-B...To Eat.jpg', 'Available', '2022-11-15 07:47:27', '2023-05-22 09:21:18'),
(18, 'Drink', 'Orange juice', 4000, 'Orange juice is a liquid extract of the orange tree fruit, produced by squeezing or reaming oranges. It comes in several different varieties, including blood orange, navel oranges, valencia orange, clementine, and tangerine.', '/storage/menus/20230522162127-The Cantarito Is the Most Refr...cktail.jpg', 'Available', '2023-04-05 08:42:05', '2023-05-22 09:21:27');

-- --------------------------------------------------------

--
-- Struktur dari tabel `pesanan`
--

CREATE TABLE `pesanan` (
  `nota` varchar(50) NOT NULL,
  `id_user_pesanan` int(11) UNSIGNED NOT NULL,
  `id_alamat_pesanan` int(11) UNSIGNED NOT NULL,
  `total_harga` double NOT NULL,
  `status_pesanan` enum('Order','Processed','Delivered','Finished') NOT NULL DEFAULT 'Order',
  `created_at` timestamp NOT NULL DEFAULT current_timestamp(),
  `updated_at` timestamp NOT NULL DEFAULT current_timestamp() ON UPDATE current_timestamp()
) ENGINE=InnoDB DEFAULT CHARSET=utf8mb4 COLLATE=utf8mb4_general_ci;

--
-- Dumping data untuk tabel `pesanan`
--

INSERT INTO `pesanan` (`nota`, `id_user_pesanan`, `id_alamat_pesanan`, `total_harga`, `status_pesanan`, `created_at`, `updated_at`) VALUES
('INV-2023.01.08-01-163251', 5, 38, 23000, 'Finished', '2023-01-08 09:32:51', '2023-06-14 17:12:23'),
('INV-2023.01.11-01-201215', 5, 40, 20000, 'Finished', '2023-01-11 13:12:15', '2023-04-05 08:05:39'),
('INV-2023.01.16-01-181650', 5, 37, 25000, 'Finished', '2023-01-16 11:16:50', '2023-01-16 11:23:15'),
('INV-2023.01.16-01-183206', 5, 38, 17000, 'Finished', '2023-01-16 11:32:06', '2023-01-16 11:32:52'),
('INV-2023.01.16-01-183330', 5, 38, 10000, 'Finished', '2023-01-16 11:33:30', '2023-01-16 11:33:54'),
('INV-2023.02.05-01-002904', 13, 46, 27000, 'Finished', '2023-02-04 17:29:04', '2023-02-04 17:29:35'),
('INV-2023.02.17-01-094232', 5, 37, 14000, 'Finished', '2023-02-17 02:42:32', '2023-02-17 02:50:26'),
('INV-2023.02.26-01-165823', 13, 46, 14000, 'Finished', '2023-02-26 09:58:23', '2023-04-05 08:05:57'),
('INV-2023.02.26-01-170352', 13, 49, 28000, 'Finished', '2023-02-26 10:03:52', '2023-04-05 08:06:26'),
('INV-2023.03.31-01-161419', 5, 38, 14000, 'Finished', '2023-03-31 09:14:19', '2023-04-05 08:06:58'),
('INV-2023.03.31-01-161428', 5, 38, 14000, 'Finished', '2023-03-31 09:14:28', '2023-04-05 08:07:23'),
('INV-2023.03.31-01-161441', 5, 38, 14000, 'Finished', '2023-03-31 09:14:42', '2023-04-05 08:07:47'),
('INV-2023.03.31-01-161808', 5, 38, 14000, 'Finished', '2023-03-31 09:18:08', '2023-04-05 08:08:02'),
('INV-2023.04.01-01-143053', 5, 37, 28000, 'Finished', '2023-04-01 07:30:54', '2023-04-05 08:08:16'),
('INV-2023.04.01-01-144131', 5, 38, 63000, 'Finished', '2023-04-01 07:41:31', '2023-04-05 08:08:30'),
('INV-2023.04.01-01-144258', 5, 39, 19000, 'Finished', '2023-04-01 07:42:58', '2023-04-05 08:08:43'),
('INV-2023.04.01-01-153333', 5, 37, 27000, 'Finished', '2023-04-01 08:33:33', '2023-04-05 08:08:56'),
('INV-2023.04.03-01-151307', 13, 49, 18000, 'Finished', '2023-04-03 08:13:07', '2023-04-05 08:09:08'),
('INV-2023.04.03-01-151338', 5, 38, 32000, 'Finished', '2023-04-03 08:13:38', '2023-05-28 11:07:12'),
('INV-2023.04.05-01-164059', 5, 38, 56000, 'Finished', '2023-04-05 09:40:59', '2023-05-28 11:06:59'),
('INV-2023.04.18-01-233409', 18, 4, 23000, 'Finished', '2023-04-18 16:34:09', '2023-05-28 09:29:18'),
('INV-2023.04.19-01-154119', 18, 4, 23000, 'Finished', '2023-04-19 08:41:19', '2023-05-28 09:29:10'),
('INV-2023.04.20-01-163029', 1, 4, 85000, 'Finished', '2023-04-20 09:30:29', '2023-05-28 11:05:04'),
('INV-2023.05.12-01-234204', 5, 38, 67000, 'Finished', '2023-05-12 16:42:04', '2023-05-28 11:03:14'),
('INV-2023.05.12-01-234225', 5, 37, 67000, 'Finished', '2023-05-12 16:42:25', '2023-05-28 11:01:47'),
('INV-2023.05.19-01-210108', 5, 39, 24000, 'Finished', '2023-05-19 14:01:08', '2023-05-28 10:49:05'),
('INV-2023.05.28-01-162326', 18, 50, 24000, 'Finished', '2023-05-28 09:23:26', '2023-05-28 09:28:53'),
('INV-2023.05.28-01-163015', 18, 50, 24000, 'Finished', '2023-05-28 09:30:15', '2023-05-28 10:49:40'),
('INV-2023.05.28-01-171220', 18, 50, 27000, 'Finished', '2023-05-28 10:12:20', '2023-05-28 10:48:02'),
('INV-2023.05.28-01-171315', 18, 50, 12000, 'Finished', '2023-05-28 10:13:15', '2023-05-28 10:45:25'),
('INV-2023.05.28-01-181422', 18, 50, 35000, 'Finished', '2023-05-28 11:14:22', '2023-05-28 11:14:42'),
('INV-2023.05.28-01-220359', 18, 50, 20000, 'Finished', '2023-05-28 15:03:59', '2023-06-01 10:02:49'),
('INV-2023.05.28-01-220440', 18, 50, 29000, 'Finished', '2023-05-28 15:04:40', '2023-06-01 10:03:00'),
('INV-2023.05.28-01-221224', 18, 50, 29000, 'Finished', '2023-05-28 15:12:24', '2023-05-30 14:45:24'),
('INV-2023.05.28-01-221351', 18, 50, 33000, 'Finished', '2023-05-28 15:13:51', '2023-06-01 10:01:31'),
('INV-2023.05.28-01-230112', 18, 50, 27000, 'Finished', '2023-05-28 16:01:12', '2023-06-01 10:01:20'),
('INV-2023.05.28-01-230159', 5, 37, 29000, 'Finished', '2023-05-28 16:01:59', '2023-05-30 14:49:01'),
('INV-2023.05.28-01-230239', 5, 38, 29000, 'Finished', '2023-05-28 16:02:39', '2023-05-30 14:47:36'),
('INV-2023.05.28-01-230412', 13, 46, 29000, 'Finished', '2023-05-28 16:04:12', '2023-05-30 14:46:48'),
('INV-2023.05.28-01-230737', 5, 37, 27000, 'Finished', '2023-05-28 16:07:37', '2023-05-30 14:46:34'),
('INV-2023.05.28-01-235449', 13, 46, 29000, 'Finished', '2023-05-28 16:54:49', '2023-05-30 14:45:59'),
('INV-2023.05.29-01-002920', 5, 38, 29000, 'Finished', '2023-05-28 17:29:20', '2023-05-29 09:22:37'),
('INV-2023.05.29-01-013102', 18, 50, 36000, 'Finished', '2023-05-28 18:31:02', '2023-05-29 09:22:22'),
('INV-2023.06.01-01-165520', 5, 37, 24000, 'Finished', '2023-06-01 09:55:20', '2023-06-01 09:55:40'),
('INV-2023.06.03-01-222904', 21, 53, 36000, 'Finished', '2023-06-03 15:29:04', '2023-06-03 15:33:44'),
('INV-2023.06.03-01-223519', 21, 53, 24000, 'Finished', '2023-06-03 15:35:19', '2023-06-03 15:38:48'),
('INV-2023.06.03-01-233501', 22, 54, 42000, 'Finished', '2023-06-03 16:35:01', '2023-06-03 16:35:32'),
('INV-2023.06.03-01-233700', 22, 54, 29000, 'Finished', '2023-06-03 16:37:00', '2023-06-03 17:19:50'),
('INV-2023.06.04-01-001916', 21, 53, 48000, 'Finished', '2023-06-03 17:19:16', '2023-06-03 17:19:35'),
('INV-2023.06.14-01-213947', 23, 55, 24000, 'Finished', '2023-06-14 14:39:47', '2023-06-14 14:41:15'),
('INV-2023.06.14-01-221407', 24, 56, 26000, 'Finished', '2023-06-14 15:14:08', '2023-06-14 16:47:29'),
('INV-2023.06.14-01-221452', 5, 57, 38000, 'Finished', '2023-06-14 15:14:52', '2023-06-14 16:49:59'),
('INV-2023.06.14-01-221917', 5, 38, 29000, 'Finished', '2023-06-14 15:19:17', '2023-06-14 16:49:52'),
('INV-2023.06.14-01-221940', 5, 40, 19000, 'Finished', '2023-06-14 15:19:40', '2023-06-14 16:49:45'),
('INV-2023.06.14-01-222027', 5, 37, 85000, 'Finished', '2023-06-14 15:20:27', '2023-06-14 16:49:37'),
('INV-2023.06.14-01-222057', 5, 57, 145000, 'Finished', '2023-06-14 15:20:57', '2023-06-14 15:21:18'),
('INV-2023.06.14-01-225641', 6, 58, 24000, 'Finished', '2023-06-14 15:56:41', '2023-06-14 16:46:43'),
('INV-2023.06.14-01-225705', 6, 58, 22000, 'Finished', '2023-06-14 15:57:05', '2023-06-14 16:46:34'),
('INV-2023.06.14-01-225755', 6, 58, 24000, 'Finished', '2023-06-14 15:57:55', '2023-06-14 16:46:24'),
('INV-2023.06.14-01-230545', 6, 58, 29000, 'Finished', '2023-06-14 16:05:45', '2023-06-14 16:46:11'),
('INV-2023.06.14-01-230759', 6, 58, 24000, 'Finished', '2023-06-14 16:07:59', '2023-06-14 16:45:55'),
('INV-2023.06.14-01-230910', 6, 58, 39000, 'Finished', '2023-06-14 16:09:10', '2023-06-14 16:45:25'),
('INV-2023.06.14-01-234209', 22, 54, 28000, 'Finished', '2023-06-14 16:42:09', '2023-06-14 16:46:58'),
('INV-2023.06.14-01-234210', 6, 58, 29000, 'Finished', '2023-06-14 16:42:10', '2023-06-14 16:45:12'),
('INV-2023.06.14-01-234255', 22, 54, 19000, 'Finished', '2023-06-14 16:42:55', '2023-06-14 16:44:49'),
('INV-2023.06.14-01-234302', 6, 58, 29000, 'Finished', '2023-06-14 16:43:02', '2023-06-14 16:44:44'),
('INV-2023.06.15-01-000232', 13, 49, 27000, 'Finished', '2023-06-14 17:02:32', '2023-06-14 17:03:06'),
('INV-2023.06.15-01-000405', 13, 49, 29000, 'Finished', '2023-06-14 17:04:05', '2023-06-14 17:15:21'),
('INV-2023.06.15-01-001913', 13, 46, 36000, 'Finished', '2023-06-14 17:19:13', '2023-06-14 17:19:45'),
('INV-2023.06.15-01-002736', 13, 46, 17000, 'Finished', '2023-06-14 17:27:36', '2023-06-14 17:27:52'),
('INV-2023.06.15-01-003048', 5, 57, 24000, 'Finished', '2023-06-14 17:30:48', '2023-06-14 17:31:12'),
('INV-2023.06.15-01-003655', 6, 58, 19000, 'Finished', '2023-06-14 17:36:55', '2023-06-14 17:37:23'),
('INV-2023.06.15-01-003744', 6, 58, 29000, 'Finished', '2023-06-14 17:37:44', '2023-06-14 18:01:55'),
('INV-2023.06.15-01-010212', 22, 54, 29000, 'Finished', '2023-06-14 18:02:12', '2023-06-14 18:02:32'),
('INV-2023.06.15-01-054209', 5, 39, 18000, 'Finished', '2023-06-14 22:42:09', '2023-06-14 22:46:53'),
('INV-2023.06.15-01-054258', 5, 57, 29000, 'Finished', '2023-06-14 22:42:58', '2023-06-14 22:46:03'),
('INV-2023.06.15-01-054339', 5, 57, 24000, 'Finished', '2023-06-14 22:43:39', '2023-06-14 22:46:29'),
('INV-2023.06.15-01-054413', 5, 57, 23000, 'Finished', '2023-06-14 22:44:13', '2023-06-14 22:45:28'),
('INV-2023.06.15-01-054438', 5, 57, 14000, 'Finished', '2023-06-14 22:44:38', '2023-06-14 22:44:58'),
('INV-2023.06.15-01-055538', 5, 57, 19000, 'Finished', '2023-06-14 22:55:38', '2023-06-14 22:56:56'),
('INV-2023.06.15-01-055604', 5, 57, 35000, 'Finished', '2023-06-14 22:56:04', '2023-06-14 22:56:33'),
('INV-2023.11.15-01-163531', 39, 59, 12000, 'Order', '2023-11-15 09:35:31', '2023-11-15 09:35:31');

-- --------------------------------------------------------

--
-- Struktur dari tabel `users`
--

CREATE TABLE `users` (
  `id_user` int(11) UNSIGNED NOT NULL,
  `nama` varchar(100) NOT NULL,
  `email` varchar(100) NOT NULL,
  `email_verified_at` timestamp NULL DEFAULT NULL,
  `password` varchar(255) NOT NULL,
  `tgl_lahir` date NOT NULL,
  `jk` enum('L','P') NOT NULL,
  `no_hp` varchar(15) NOT NULL,
  `is_admin` tinyint(1) NOT NULL DEFAULT 0,
  `foto` varchar(100) NOT NULL DEFAULT 'foto',
  `created_at` timestamp NULL DEFAULT current_timestamp(),
  `updated_at` timestamp NULL DEFAULT current_timestamp() ON UPDATE current_timestamp()
) ENGINE=InnoDB DEFAULT CHARSET=utf8mb4 COLLATE=utf8mb4_unicode_ci;

--
-- Dumping data untuk tabel `users`
--

INSERT INTO `users` (`id_user`, `nama`, `email`, `email_verified_at`, `password`, `tgl_lahir`, `jk`, `no_hp`, `is_admin`, `foto`, `created_at`, `updated_at`) VALUES
(1, 'Wildan Ibnu Sina', 'wildan@gmail.com', '2023-07-30 12:20:42', '$2y$10$fqIkQ7pP6xnGyhmS9LAPEOLc5H1YEv7pyRgdzlrRuzEMu8zOyifqa', '2022-07-13', 'L', '0864-3212-2222', 1, 'foto', '2022-11-15 07:35:14', '2023-07-30 12:20:45'),
(2, 'Amar Zami', 'amar@gmail.com', NULL, '$2y$10$oEmfFQiurUNmA.2e2knUH.kKsz94WtFIALSIgUk34iQx4bHq42Hr.', '2022-05-31', 'L', '0864-3212-2222', 0, 'foto', '2022-11-15 07:36:39', '2023-01-19 15:23:37'),
(3, 'Maya Austria', 'maya@gmail.com', NULL, '$2y$10$FvAUbqrAsRfKHFOTc50qTOBCQvPv7zr.dTZyUFpbXnVYna5EQXX0.', '2001-11-30', 'P', '081909024356', 0, 'foto', '2022-11-23 13:07:35', '2022-11-23 13:07:35'),
(5, 'Bagas Kusuma Baskoro', 'b@b', NULL, '$2y$10$WrWqZizdTdXek8mnIQgKouAhF4o4OKu9KV7F9BATdqp2lKKVb/8lW', '2022-11-25', 'L', '0855-3214-4141', 0, '/storage/fotos/20230601165917-images.jpeg', '2022-11-25 10:42:36', '2023-07-30 11:28:12'),
(6, 'Soni Akhmad', 'sin990325@gmail.com', '2023-07-30 12:19:42', '$2y$10$DsFJunam54SlQ8epud/f1.1LCWc77NbjAmY8n8zLix1AYZhA1/w1S', '2022-11-17', 'L', '0852-5362-5438', 0, 'foto', '2022-11-25 11:54:25', '2023-07-30 12:19:42'),
(13, 'Amar Setiawan', 'a@a', '2023-07-30 12:20:47', '$2y$10$NqAug3hfGvy218S4gg0eiu8/cZrFCtDWh3oS5uSBkMK/WSpPl17r2', '2023-01-20', 'L', '0888-2333-3322', 1, '/storage/fotos/20230601170004-mtk6.webp', '2022-12-12 11:23:56', '2023-07-30 12:20:51'),
(18, 'Dinda Adinda', 'dinda@gmail.com', NULL, '$2y$10$gwKNgKV6JrQ4mfOmYm9FNuFFTMHneT5zif9qpXMeLbX0rd6urvwru', '2001-11-30', 'P', '0856-7326-3214', 0, 'foto', '2023-04-18 16:03:05', '2023-05-28 09:19:02'),
(21, 'Jundi Prayogo', 'jundi@gmail.com', NULL, '$2y$10$QQy5zemvGshDdMMC6E2fxuJaTAgUl5zNKxE6iizIHfSTjmtiOp.fq', '2000-03-14', 'L', '0856-3999-2546', 0, 'foto', '2023-06-03 15:26:11', '2023-06-03 15:27:06'),
(22, 'Angelia Anastasya', 'angel@gmail.com', NULL, '$2y$10$z5jaslyafOohfNNgGHVDweQXthTlTMpMMckP9fQLo8K/Mu2AOD1zO', '2004-06-15', 'P', '0888-3698-6665', 0, 'foto', '2023-06-03 16:33:04', '2023-06-03 16:33:04'),
(23, 'Sukijo Rahmadhani', 'sukijo@gmail.com', NULL, '$2y$10$EsNfRmYxwfpKW.Cau2VnCOJV7wx6ZnlD3gFNs/C.zh90OiQZx2RlC', '2023-06-16', 'L', '0888-6943-6644', 0, 'foto', '2023-06-14 14:38:59', '2023-06-14 14:38:59'),
(24, 'Fifah', 'fifah@gmail.com', NULL, '$2y$10$3J00MyQcXQzEk9h2UiW1ru0rwFiB8vOvPGEoOahg5fIOGPOEpdwHq', '2001-08-24', 'P', '0855-4056-6009', 0, 'foto', '2023-06-14 15:09:26', '2023-06-14 15:09:26'),
(25, 'Wildan', 'wildanibnu@gmail.com', NULL, '$2y$10$ppmrbnLuo1gtjeVgwjCnGOhGc089Gh.CsfHyC/hyvuFO36PDmnbRm', '2023-06-14', 'L', '0888-3222-3223', 0, 'foto', '2023-06-15 03:37:28', '2023-06-15 03:37:28'),
(26, 'Rahmadani', 'wildanibnu@gmail.co.id', NULL, '$2y$10$U9Ihf.q8IEZHbbRb4RHlXOuYLyrV48Y2uFHyG6kGRWDi/4LYgY5ri', '2023-06-06', 'L', '0998-3244-4444', 0, 'foto', '2023-06-15 03:39:04', '2023-06-15 03:39:04'),
(36, 'Ridho Rahmad', 'wowuu99@gmail.com', '2023-07-30 13:37:49', '$2y$10$Y1DlaHXJBKyctgrEV.iibery7QINOcd/Z/sxqja9AEE41hQj1vBz.', '2023-07-04', 'L', '0888-2333-3233', 0, 'foto', '2023-07-30 12:39:01', '2023-07-30 13:37:49'),
(38, 'Lintah Yuki', 'lint4h@gmail.com', '2023-07-31 13:12:55', '$2y$10$TFz3LSdEAQmEjrd6oFPXaOLIxHVgEqFzWfWfes2Lzv0Df8cUPtcK.', '2023-07-24', 'P', '0888-2344-2344', 0, 'foto', '2023-07-31 13:12:28', '2023-07-31 13:12:55'),
(39, 'Syarif', 'syarif@gmail.com', NULL, '$2y$10$6iiHANbCH7sBSt9yE/SDVuI0c8OVUk4TQdvd12I318gsaaEW45xgu', '2023-11-14', 'L', '0888-3444-2444', 0, 'foto', '2023-11-15 09:27:23', '2023-11-15 09:27:23');

--
-- Indexes for dumped tables
--

--
-- Indeks untuk tabel `alamat`
--
ALTER TABLE `alamat`
  ADD PRIMARY KEY (`id_alamat`),
  ADD KEY `alamat-user` (`id_user_alamat`) USING BTREE;

--
-- Indeks untuk tabel `item`
--
ALTER TABLE `item`
  ADD PRIMARY KEY (`id_item`),
  ADD KEY `id_menu_item` (`id_menu_item`),
  ADD KEY `id_user_item` (`id_user_item`);

--
-- Indeks untuk tabel `menu`
--
ALTER TABLE `menu`
  ADD PRIMARY KEY (`id_menu`);

--
-- Indeks untuk tabel `pesanan`
--
ALTER TABLE `pesanan`
  ADD PRIMARY KEY (`nota`),
  ADD KEY `id_alamat_pesanan` (`id_alamat_pesanan`),
  ADD KEY `id_user_pesanan` (`id_user_pesanan`);

--
-- Indeks untuk tabel `users`
--
ALTER TABLE `users`
  ADD PRIMARY KEY (`id_user`),
  ADD UNIQUE KEY `users_email_unique` (`email`) USING BTREE;

--
-- AUTO_INCREMENT untuk tabel yang dibuang
--

--
-- AUTO_INCREMENT untuk tabel `alamat`
--
ALTER TABLE `alamat`
  MODIFY `id_alamat` int(11) UNSIGNED NOT NULL AUTO_INCREMENT, AUTO_INCREMENT=60;

--
-- AUTO_INCREMENT untuk tabel `item`
--
ALTER TABLE `item`
  MODIFY `id_item` int(11) UNSIGNED NOT NULL AUTO_INCREMENT, AUTO_INCREMENT=487;

--
-- AUTO_INCREMENT untuk tabel `menu`
--
ALTER TABLE `menu`
  MODIFY `id_menu` int(11) UNSIGNED NOT NULL AUTO_INCREMENT, AUTO_INCREMENT=21;

--
-- AUTO_INCREMENT untuk tabel `users`
--
ALTER TABLE `users`
  MODIFY `id_user` int(11) UNSIGNED NOT NULL AUTO_INCREMENT, AUTO_INCREMENT=40;

--
-- Ketidakleluasaan untuk tabel pelimpahan (Dumped Tables)
--

--
-- Ketidakleluasaan untuk tabel `alamat`
--
ALTER TABLE `alamat`
  ADD CONSTRAINT `alamat-user` FOREIGN KEY (`id_user_alamat`) REFERENCES `users` (`id_user`) ON DELETE CASCADE ON UPDATE CASCADE;

--
-- Ketidakleluasaan untuk tabel `item`
--
ALTER TABLE `item`
  ADD CONSTRAINT `item-menu` FOREIGN KEY (`id_menu_item`) REFERENCES `menu` (`id_menu`) ON DELETE CASCADE ON UPDATE CASCADE,
  ADD CONSTRAINT `item-user` FOREIGN KEY (`id_user_item`) REFERENCES `users` (`id_user`) ON DELETE CASCADE ON UPDATE CASCADE;

--
-- Ketidakleluasaan untuk tabel `pesanan`
--
ALTER TABLE `pesanan`
  ADD CONSTRAINT `pesanan-alamat` FOREIGN KEY (`id_alamat_pesanan`) REFERENCES `alamat` (`id_alamat`) ON DELETE CASCADE ON UPDATE CASCADE,
  ADD CONSTRAINT `pesanan-user` FOREIGN KEY (`id_user_pesanan`) REFERENCES `users` (`id_user`) ON DELETE CASCADE ON UPDATE CASCADE;
COMMIT;

/*!40101 SET CHARACTER_SET_CLIENT=@OLD_CHARACTER_SET_CLIENT */;
/*!40101 SET CHARACTER_SET_RESULTS=@OLD_CHARACTER_SET_RESULTS */;
/*!40101 SET COLLATION_CONNECTION=@OLD_COLLATION_CONNECTION */;
